timestamp,step,epoch,loss,learning_rate,grad_norm,samples_per_second,steps_per_second
2026-01-22T17:52:31.556202,1,0.25,3.0118,0.0,24.026906967163086,,
2026-01-22T17:52:31.783606,2,0.5,2.5238,2.5000000000000004e-07,22.620805740356445,,
2026-01-22T17:52:32.017509,3,0.75,2.3445,5.000000000000001e-07,18.592435836791992,,
2026-01-22T17:52:32.257880,4,1.0,2.4212,7.5e-07,20.760000228881836,,
2026-01-22T17:52:41.161255,5,1.25,2.3705,1.0000000000000002e-06,19.85456085205078,,
2026-01-22T17:52:41.386004,6,1.5,2.529,1.25e-06,19.861764907836914,,
2026-01-22T17:52:41.614691,7,1.75,2.504,1.5e-06,19.139692306518555,,
2026-01-22T17:52:41.860901,8,2.0,2.4479,1.75e-06,19.703153610229492,,
2026-01-22T17:52:51.645845,9,2.25,2.5652,2.0000000000000003e-06,20.222036361694336,,
2026-01-22T17:52:51.872681,10,2.5,2.2558,2.25e-06,18.709232330322266,,
2026-01-22T17:52:52.102613,11,2.75,2.4702,2.5e-06,17.53697395324707,,
2026-01-22T17:52:52.356577,12,3.0,2.2669,2.7500000000000004e-06,17.386503219604492,,
2026-01-22T17:53:02.649310,13,3.25,2.447,3e-06,17.058151245117188,,
2026-01-22T17:53:02.875941,14,3.5,2.1542,3.2500000000000002e-06,15.517720222473145,,
2026-01-22T17:53:03.099828,15,3.75,2.0926,3.5e-06,17.251413345336914,,
2026-01-22T17:53:03.338343,16,4.0,2.1926,3.7500000000000005e-06,15.430116653442383,,
2026-01-22T17:53:12.061446,17,4.25,2.471,4.000000000000001e-06,15.68359088897705,,
2026-01-22T17:53:12.285967,18,4.5,1.8732,4.25e-06,12.652451515197754,,
2026-01-22T17:53:12.511255,19,4.75,2.1111,4.5e-06,14.700977325439453,,
2026-01-22T17:53:12.758037,20,5.0,1.7206,4.75e-06,12.451231956481934,,
2026-01-22T17:53:21.236519,21,5.25,1.5706,5e-06,11.72240161895752,,
2026-01-22T17:53:21.466161,22,5.5,2.2593,5.2500000000000006e-06,13.394986152648926,,
2026-01-22T17:53:21.692639,23,5.75,1.6876,5.500000000000001e-06,11.103832244873047,,
2026-01-22T17:53:21.926252,24,6.0,1.9841,5.75e-06,13.140440940856934,,
2026-01-22T17:53:31.549290,25,6.25,1.9302,6e-06,11.560057640075684,,
2026-01-22T17:53:31.774128,26,6.5,1.7001,6.25e-06,11.570277214050293,,
2026-01-22T17:53:32.009417,27,6.75,1.5142,6.5000000000000004e-06,10.243285179138184,,
2026-01-22T17:53:32.259071,28,7.0,1.4949,6.750000000000001e-06,10.110489845275879,,
2026-01-22T17:53:42.861846,29,7.25,1.4384,7e-06,10.308952331542969,,
2026-01-22T17:53:43.093030,30,7.5,1.5909,7.25e-06,9.703222274780273,,
2026-01-22T17:53:43.320918,31,7.75,1.2632,7.500000000000001e-06,8.277448654174805,,
2026-01-22T17:53:43.562792,32,8.0,1.6973,7.75e-06,9.974526405334473,,
2026-01-22T17:53:52.349809,33,8.25,1.4438,8.000000000000001e-06,8.80439281463623,,
2026-01-22T17:53:52.576277,34,8.5,1.3303,8.25e-06,8.399185180664062,,
2026-01-22T17:53:52.807132,35,8.75,1.3045,8.5e-06,8.02368450164795,,
2026-01-22T17:53:53.060331,36,9.0,1.0283,8.750000000000001e-06,7.653002738952637,,
2026-01-22T17:54:02.728315,37,9.25,1.2728,9e-06,9.018906593322754,,
2026-01-22T17:54:02.975517,38,9.5,1.2171,9.250000000000001e-06,7.742625713348389,,
2026-01-22T17:54:03.226321,39,9.75,1.0214,9.5e-06,6.5197672843933105,,
2026-01-22T17:54:03.482728,40,10.0,0.9303,9.75e-06,6.408412456512451,,
2026-01-22T17:54:12.941129,41,10.25,1.0218,1e-05,6.768261432647705,,
2026-01-22T17:54:13.174761,42,10.5,1.0945,9.999036202410324e-06,6.968072891235352,,
2026-01-22T17:54:13.396345,43,10.75,0.7019,9.996145181203616e-06,5.647371768951416,,
2026-01-22T17:54:13.639749,44,11.0,0.8396,9.99132805092358e-06,6.1259284019470215,,
2026-01-22T17:54:22.311318,45,11.25,0.9638,9.984586668665641e-06,6.405665874481201,,
2026-01-22T17:54:22.541348,46,11.5,0.8569,9.975923633360985e-06,6.229029655456543,,
2026-01-22T17:54:22.766742,47,11.75,0.5902,9.965342284774633e-06,4.9708404541015625,,
2026-01-22T17:54:23.013372,48,12.0,0.6363,9.952846702217886e-06,5.5627899169921875,,
2026-01-22T17:54:31.560217,49,12.25,0.6791,9.938441702975689e-06,5.332615852355957,,
2026-01-22T17:54:31.796650,50,12.5,0.7334,9.922132840449459e-06,5.163404941558838,,
2026-01-22T17:54:32.020406,51,12.75,0.5559,9.903926402016153e-06,4.354855537414551,,
2026-01-22T17:54:32.266425,52,13.0,0.5967,9.883829406604363e-06,4.69843864440918,,
2026-01-22T17:54:41.310839,53,13.25,0.6072,9.861849601988384e-06,4.770453453063965,,
2026-01-22T17:54:41.545662,54,13.5,0.5401,9.8379954618013e-06,4.492384433746338,,
2026-01-22T17:54:41.774733,55,13.75,0.5247,9.812276182268236e-06,4.261441707611084,,
2026-01-22T17:54:42.015618,56,14.0,0.5243,9.784701678661045e-06,4.812163352966309,,
2026-01-22T17:54:50.433670,57,14.25,0.4656,9.755282581475769e-06,3.9857335090637207,,
2026-01-22T17:54:50.657241,58,14.5,0.4935,9.72403023233439e-06,4.274496555328369,,
2026-01-22T17:54:50.895950,59,14.75,0.4117,9.690956679612422e-06,3.66398549079895,,
2026-01-22T17:54:51.135981,60,15.0,0.4629,9.656074673794018e-06,4.271216869354248,,
2026-01-22T17:54:59.849007,61,15.25,0.5379,9.619397662556434e-06,5.188358783721924,,
2026-01-22T17:55:00.089714,62,15.5,0.417,9.58093978558568e-06,3.790130853652954,,
2026-01-22T17:55:00.306597,63,15.75,0.2702,9.540715869125407e-06,3.2166967391967773,,
2026-01-22T17:55:00.555552,64,16.0,0.2974,9.498741420261109e-06,4.341978549957275,,
2026-01-22T17:55:09.743391,65,16.25,0.3064,9.45503262094184e-06,3.0354692935943604,,
2026-01-22T17:55:09.974385,66,16.5,0.3932,9.409606321741776e-06,3.6922428607940674,,
2026-01-22T17:55:10.206907,67,16.75,0.326,9.362480035363987e-06,3.7118358612060547,,
2026-01-22T17:55:10.448872,68,17.0,0.2396,9.31367192988896e-06,3.0556094646453857,,
2026-01-22T17:55:19.118978,69,17.25,0.2589,9.263200821770462e-06,2.8409974575042725,,
2026-01-22T17:55:19.351370,70,17.5,0.2219,9.211086168581433e-06,2.8000729084014893,,
2026-01-22T17:55:19.575010,71,17.75,0.2714,9.157348061512728e-06,3.2240993976593018,,
2026-01-22T17:55:19.818180,72,18.0,0.3114,9.102007217627568e-06,3.582777738571167,,
2026-01-22T17:55:28.483506,73,18.25,0.2454,9.045084971874738e-06,2.896726131439209,,
2026-01-22T17:55:28.714420,74,18.5,0.224,8.986603268863536e-06,3.1294047832489014,,
2026-01-22T17:55:28.957160,75,18.75,0.1674,8.926584654403725e-06,3.1928415298461914,,
2026-01-22T17:55:29.203005,76,19.0,0.2478,8.865052266813686e-06,3.320753574371338,,
2026-01-22T17:55:37.255569,77,19.25,0.166,8.802029828000157e-06,2.467135429382324,,
2026-01-22T17:55:37.490517,78,19.5,0.1744,8.737541634312985e-06,2.3646421432495117,,
2026-01-22T17:55:37.717285,79,19.75,0.1884,8.671612547178428e-06,2.597306251525879,,
2026-01-22T17:55:37.964551,80,20.0,0.167,8.604267983514595e-06,2.630345582962036,,
2026-01-22T17:55:46.096775,81,20.25,0.1854,8.535533905932739e-06,2.466738224029541,,
2026-01-22T17:55:46.322488,82,20.5,0.1339,8.465436812728181e-06,2.0850601196289062,,
2026-01-22T17:55:46.552308,83,20.75,0.1109,8.39400372766471e-06,1.8067243099212646,,
2026-01-22T17:55:46.801194,84,21.0,0.1365,8.32126218955641e-06,2.286062479019165,,
2026-01-22T17:55:56.022354,85,21.25,0.1453,8.247240241650918e-06,2.2892825603485107,,
2026-01-22T17:55:56.253756,86,21.5,0.1101,8.171966420818227e-06,1.9183716773986816,,
2026-01-22T17:55:56.480074,87,21.75,0.0805,8.095469746549172e-06,1.5692003965377808,,
2026-01-22T17:55:56.724485,88,22.0,0.1281,8.017779709767857e-06,2.5173227787017822,,
2026-01-22T17:56:05.533303,89,22.25,0.0762,7.938926261462366e-06,1.4555355310440063,,
2026-01-22T17:56:05.761317,90,22.5,0.0948,7.858939801138061e-06,1.8002337217330933,,
2026-01-22T17:56:05.989654,91,22.75,0.0816,7.777851165098012e-06,1.4988957643508911,,
2026-01-22T17:56:06.246822,92,23.0,0.0972,7.695691614555002e-06,1.8305217027664185,,
2026-01-22T17:56:14.078114,93,23.25,0.0913,7.612492823579744e-06,1.5880932807922363,,
2026-01-22T17:56:14.299661,94,23.5,0.0775,7.528286866889924e-06,1.5503740310668945,,
2026-01-22T17:56:14.536814,95,23.75,0.0599,7.443106207484776e-06,1.1831846237182617,,
2026-01-22T17:56:14.795447,96,24.0,0.0528,7.3569836841299905e-06,1.1162766218185425,,
2026-01-22T17:56:22.673967,97,24.25,0.0666,7.269952498697734e-06,1.193952202796936,,
2026-01-22T17:56:22.923469,98,24.5,0.059,7.18204620336671e-06,1.294266700744629,,
2026-01-22T17:56:23.163947,99,24.75,0.0411,7.093298687687141e-06,0.7922066450119019,,
2026-01-22T17:56:23.414721,100,25.0,0.0502,7.0037441655157045e-06,1.2110143899917603,,
2026-01-22T17:56:33.343744,101,25.25,0.0518,6.913417161825449e-06,1.0458804368972778,,
2026-01-22T17:56:33.578887,102,25.5,0.0453,6.822352499395751e-06,0.8667808771133423,,
2026-01-22T17:56:33.807809,103,25.75,0.0367,6.730585285387465e-06,0.7406158447265625,,
2026-01-22T17:56:34.046650,104,26.0,0.0388,6.638150897808469e-06,1.037861704826355,,
2026-01-22T17:56:41.879767,105,26.25,0.0354,6.545084971874738e-06,0.7101705074310303,,
2026-01-22T17:56:42.109301,106,26.5,0.0433,6.451423386272312e-06,0.7914410829544067,,
2026-01-22T17:56:42.339277,107,26.75,0.0303,6.3572022493253715e-06,0.6975856423377991,,
2026-01-22T17:56:42.578663,108,27.0,0.0306,6.26245788507579e-06,0.6035986542701721,,
2026-01-22T17:56:50.443539,109,27.25,0.0305,6.1672268192795285e-06,0.5841013193130493,,
2026-01-22T17:56:50.673708,110,27.5,0.0271,6.071545765325254e-06,0.5397714972496033,,
2026-01-22T17:56:50.903935,111,27.75,0.0261,5.975451610080643e-06,0.5055932402610779,,
2026-01-22T17:56:51.159050,112,28.0,0.0321,5.878981399671774e-06,0.6829749345779419,,
2026-01-22T17:56:59.242246,113,28.25,0.0269,5.782172325201155e-06,0.5171613693237305,,
2026-01-22T17:56:59.470704,114,28.5,0.0275,5.6850617084098416e-06,0.6352436542510986,,
2026-01-22T17:56:59.703272,115,28.75,0.0236,5.587686987289189e-06,0.44265055656433105,,
2026-01-22T17:56:59.951389,116,29.0,0.0217,5.490085701647805e-06,0.47002658247947693,,
2026-01-22T17:57:07.958099,117,29.25,0.0212,5.392295478639226e-06,0.4339197278022766,,
2026-01-22T17:57:08.195921,118,29.5,0.0253,5.294354018255945e-06,0.5278760194778442,,
2026-01-22T17:57:08.427432,119,29.75,0.0205,5.1962990787953436e-06,0.40025654435157776,,
2026-01-22T17:57:08.676819,120,30.0,0.0205,5.098168462303141e-06,0.37756314873695374,,
2026-01-22T17:57:16.530085,121,30.25,0.0187,5e-06,0.3415428400039673,,
2026-01-22T17:57:16.783634,122,30.5,0.0198,4.90183153769686e-06,0.35469964146614075,,
2026-01-22T17:57:17.024890,123,30.75,0.0199,4.803700921204659e-06,0.4109058380126953,,
2026-01-22T17:57:17.273821,124,31.0,0.0182,4.705645981744055e-06,0.36731791496276855,,
2026-01-22T17:57:25.898854,125,31.25,0.019,4.6077045213607765e-06,0.3311707079410553,,
2026-01-22T17:57:26.125763,126,31.5,0.0185,4.509914298352197e-06,0.40378236770629883,,
2026-01-22T17:57:26.376329,127,31.75,0.0162,4.4123130127108125e-06,0.34052568674087524,,
2026-01-22T17:57:26.652878,128,32.0,0.0163,4.314938291590161e-06,0.30890101194381714,,
2026-01-22T17:57:34.739463,129,32.25,0.0154,4.217827674798845e-06,0.2985346019268036,,
2026-01-22T17:57:34.972980,130,32.5,0.0173,4.1210186003282275e-06,0.307842493057251,,
2026-01-22T17:57:35.203812,131,32.75,0.0155,4.02454838991936e-06,0.31984034180641174,,
2026-01-22T17:57:35.450950,132,33.0,0.0166,3.928454234674748e-06,0.31072208285331726,,
2026-01-22T17:57:44.375816,133,33.25,0.0149,3.832773180720475e-06,0.2981489598751068,,
2026-01-22T17:57:44.605706,134,33.5,0.0156,3.7375421149242102e-06,0.29869189858436584,,
2026-01-22T17:57:44.833079,135,33.75,0.0146,3.6427977506746293e-06,0.2681674063205719,,
2026-01-22T17:57:45.079255,136,34.0,0.0157,3.5485766137276894e-06,0.2936124801635742,,
2026-01-22T17:57:53.941588,137,34.25,0.0138,3.4549150281252635e-06,0.27068230509757996,,
2026-01-22T17:57:54.179104,138,34.5,0.0156,3.3618491021915334e-06,0.26527419686317444,,
2026-01-22T17:57:54.410352,139,34.75,0.0135,3.269414714612534e-06,0.2505524158477783,,
2026-01-22T17:57:54.653234,140,35.0,0.0144,3.177647500604252e-06,0.28516265749931335,,
